﻿<?xml version="1.0" encoding="UTF-8" ?>
<resources>
	<style name="MyTheme" parent="MyTheme.Base">
    <item name="android:statusBarColor">#E12929</item>
		<item name="android:windowContentTransitions">true</item>
		<item name="android:windowAllowEnterTransitionOverlap">true</item>
		<item name="android:windowAllowReturnTransitionOverlap">true</item>
		<item name="android:windowSharedElementEnterTransition">@android:transition/move</item>
		<item name="android:windowSharedElementExitTransition">@android:transition/move</item>
	</style>

</resources>