<?xml version="1.0" encoding="utf-8"?>
<!--
  ~ Copyright (C) 2015 The Android Open Source Project
  ~
  ~ Licensed under the Apache License, Version 2.0 (the "License");
  ~ you may not use this file except in compliance with the License.
  ~ You may obtain a copy of the License at
  ~
  ~      http://www.apache.org/licenses/LICENSE-2.0
  ~
  ~ Unless required by applicable law or agreed to in writing, software
  ~ distributed under the License is distributed on an "AS IS" BASIS,
  ~ WITHOUT WARRANTIES OR CONDITIONS OF ANY KIND, either express or implied.
  ~ See the License for the specific language governing permissions and
  ~ limitations under the License.
-->

<resources>

    <style name="Theme.DesignDemo" parent="Base.Theme.DesignDemo">
    </style>

    <style name="Base.Theme.DesignDemo" parent="Theme.AppCompat.Light.NoActionBar">
        <item name="colorPrimary">@color/primary</item>
        <item name="colorPrimaryDark">#512DA8</item>
        <item name="colorAccent">#FF4081</item>
        <item name="android:windowBackground">@color/window_background</item>
    </style>

    <style name="Widget.CardContent" parent="android:Widget">
        <item name="android:paddingLeft">16dp</item>
        <item name="android:paddingRight">16dp</item>
        <item name="android:paddingTop">24dp</item>
        <item name="android:paddingBottom">24dp</item>
        <item name="android:orientation">vertical</item>
    </style>

</resources>
