﻿<?xml version="1.0" encoding="utf-8"?>
<resources> 
	<string name="app_name">FIR</string>
	<string name="strBottomLine">From android material design</string>
	 <string name="open_drawer">Open drawer</string>
	<string name="close_drawer">Close drawer</string>
  <string name="homestring">Home</string>
  <string name="compliantstring">Compliant</string>
  <string name="firstring">FIR</string>
  <string name="signinstring">Sign In</string>
  <string name="tenantinstring">Tenant</string>
  <string name="malestring">Male</string>

  
  <string-array name="gender">
    <item>Gneder</item>
    <item>Male</item>
    <item>Female</item>
    
    
    
  </string-array>
  
</resources>
