﻿<?xml version="1.0" encoding="UTF-8" ?>
<resources>
  <style name="MyTheme" parent="Theme.AppCompat.Light.NoActionBar">
    <item name="colorPrimary">@color/colorPrimary</item>
  </style>

 	<style name="MyTheme.Base" parent="Theme.AppCompat.Light.NoActionBar">
	    <item name="windowNoTitle">true</item>
	    <item name="windowActionBar">false</item>
	    <item name="colorPrimary">@color/colorPrimary</item>
	    <item name="colorPrimaryDark">@color/colorPrimaryDark</item>
	    <item name="colorAccent">@color/colorAccent</item>
		<item name="android:textColorPrimary">@color/textColorPrimary</item>
		<item name="android:textColorSecondary">@color/textColorSecondary</item>
		<item name="android:textColorTertiary">@color/textColorTertiary</item>
		
			<item name="android:datePickerDialogTheme">@style/AppCompatDialogStyle</item>
 
  	</style>  
  	<style name="MyTheme" parent="MyTheme.Base">
  	</style>

  <style name="color">
    <item name="android:textColor">#E0E0E0</item>
  </style>
  <style name="AppCompatDialogStyle" parent="Theme.AppCompat.Light.Dialog">
    <item name="android:background">@color/colorPrimary</item>
		
		<item name="android:textColorPrimary">@color/textColorPrimary</item>
       <item name="android:textColorSecondary">@color/textColorSecondary</item>
        <item name="android:textColorTertiary">@color/textColorTertiary</item>
  </style>
  <style name="MyDatePickerStyle" parent="@android:style/Widget.Material.Light.DatePicker">
    <item name="android:headerBackground">#2196F3</item>
		<item name="android:textColorPrimary">@color/textColorPrimary</item>
       <item name="android:textColorSecondary">@color/textColorSecondary</item>
        <item name="android:textColorTertiary">@color/textColorTertiary</item>
		<item name="android:textColor">#FFF</item>
  </style>
  <style name="MyDatePickerDialogTheme" parent="android:Theme.Material.Light.Dialog">
    <item name="android:datePickerStyle">@style/MyDatePickerStyle</item>
  </style>
</resources>